<?xml version="1.0" encoding="utf-8" standalone="yes" ?>
<rss version="2.0" xmlns:atom="http://www.w3.org/2005/Atom">
  <channel>
    <title>Publication_types | Hayden Allen</title>
    <link>www.haydenallen.com/publication_types/</link>
      <atom:link href="www.haydenallen.com/publication_types/index.xml" rel="self" type="application/rss+xml" />
    <description>Publication_types</description>
    <generator>Source Themes Academic (https://sourcethemes.com/academic/)</generator><language>en-us</language><lastBuildDate>Sun, 07 Apr 2019 00:00:00 +0000</lastBuildDate>
    <image>
      <url>www.haydenallen.com/img/icon-192.png</url>
      <title>Publication_types</title>
      <link>www.haydenallen.com/publication_types/</link>
    </image>
    
    <item>
      <title>3</title>
      <link>www.haydenallen.com/publication_types/3/</link>
      <pubDate>Sun, 07 Apr 2019 00:00:00 +0000</pubDate>
      <guid>www.haydenallen.com/publication_types/3/</guid>
      <description></description>
    </item>
    
    <item>
      <title>2</title>
      <link>www.haydenallen.com/publication_types/2/</link>
      <pubDate>Tue, 01 Sep 2015 00:00:00 +0000</pubDate>
      <guid>www.haydenallen.com/publication_types/2/</guid>
      <description></description>
    </item>
    
    <item>
      <title>1</title>
      <link>www.haydenallen.com/publication_types/1/</link>
      <pubDate>Mon, 01 Jul 2013 00:00:00 +0000</pubDate>
      <guid>www.haydenallen.com/publication_types/1/</guid>
      <description></description>
    </item>
    
  </channel>
</rss>
