<?xml version="1.0" encoding="utf-8" standalone="yes" ?>
<rss version="2.0" xmlns:atom="http://www.w3.org/2005/Atom">
  <channel>
    <title>Hayden Allen</title>
    <link>www.haydenallen.com/authors/hayden-allen/</link>
      <atom:link href="www.haydenallen.com/authors/hayden-allen/index.xml" rel="self" type="application/rss+xml" />
    <description>Hayden Allen</description>
    <generator>Source Themes Academic (https://sourcethemes.com/academic/)</generator><language>en-us</language>
    <image>
      <url>www.haydenallen.com/img/icon-192.png</url>
      <title>Hayden Allen</title>
      <link>www.haydenallen.com/authors/hayden-allen/</link>
    </image>
    
    <item>
      <title></title>
      <link>www.haydenallen.com/authors/admin/</link>
      <pubDate>Sun, 07 Apr 2019 00:00:00 +0000</pubDate>
      <guid>www.haydenallen.com/authors/admin/</guid>
      <description></description>
    </item>
    
  </channel>
</rss>
