<?xml version="1.0" encoding="utf-8" standalone="yes" ?>
<rss version="2.0" xmlns:atom="http://www.w3.org/2005/Atom">
  <channel>
    <title>Tags | Hayden Allen</title>
    <link>www.haydenallen.com/tags/</link>
      <atom:link href="www.haydenallen.com/tags/index.xml" rel="self" type="application/rss+xml" />
    <description>Tags</description>
    <generator>Source Themes Academic (https://sourcethemes.com/academic/)</generator><language>en-us</language><lastBuildDate>Sun, 07 Apr 2019 00:00:00 +0000</lastBuildDate>
    <image>
      <url>www.haydenallen.com/img/icon-192.png</url>
      <title>Tags</title>
      <link>www.haydenallen.com/tags/</link>
    </image>
    
    <item>
      <title>Source Themes</title>
      <link>www.haydenallen.com/tags/source-themes/</link>
      <pubDate>Sun, 07 Apr 2019 00:00:00 +0000</pubDate>
      <guid>www.haydenallen.com/tags/source-themes/</guid>
      <description></description>
    </item>
    
    <item>
      <title>Deep Learning</title>
      <link>www.haydenallen.com/tags/deep-learning/</link>
      <pubDate>Wed, 27 Apr 2016 00:00:00 +0000</pubDate>
      <guid>www.haydenallen.com/tags/deep-learning/</guid>
      <description></description>
    </item>
    
    <item>
      <title>Demo</title>
      <link>www.haydenallen.com/tags/demo/</link>
      <pubDate>Wed, 27 Apr 2016 00:00:00 +0000</pubDate>
      <guid>www.haydenallen.com/tags/demo/</guid>
      <description></description>
    </item>
    
    <item>
      <title>Academic</title>
      <link>www.haydenallen.com/tags/academic/</link>
      <pubDate>Wed, 20 Apr 2016 00:00:00 +0000</pubDate>
      <guid>www.haydenallen.com/tags/academic/</guid>
      <description></description>
    </item>
    
    <item>
      <title>R Markdown</title>
      <link>www.haydenallen.com/tags/r-markdown/</link>
      <pubDate>Thu, 23 Jul 2015 21:13:14 -0500</pubDate>
      <guid>www.haydenallen.com/tags/r-markdown/</guid>
      <description></description>
    </item>
    
    <item>
      <title>plot</title>
      <link>www.haydenallen.com/tags/plot/</link>
      <pubDate>Thu, 23 Jul 2015 21:13:14 -0500</pubDate>
      <guid>www.haydenallen.com/tags/plot/</guid>
      <description></description>
    </item>
    
    <item>
      <title>regression</title>
      <link>www.haydenallen.com/tags/regression/</link>
      <pubDate>Thu, 23 Jul 2015 21:13:14 -0500</pubDate>
      <guid>www.haydenallen.com/tags/regression/</guid>
      <description></description>
    </item>
    
  </channel>
</rss>
