<?xml version="1.0" encoding="utf-8" standalone="yes" ?>
<rss version="2.0" xmlns:atom="http://www.w3.org/2005/Atom">
  <channel>
    <title>Categories | Hayden Allen</title>
    <link>www.haydenallen.com/categories/</link>
      <atom:link href="www.haydenallen.com/categories/index.xml" rel="self" type="application/rss+xml" />
    <description>Categories</description>
    <generator>Source Themes Academic (https://sourcethemes.com/academic/)</generator><language>en-us</language><lastBuildDate>Wed, 20 Apr 2016 00:00:00 +0000</lastBuildDate>
    <image>
      <url>www.haydenallen.com/img/icon-192.png</url>
      <title>Categories</title>
      <link>www.haydenallen.com/categories/</link>
    </image>
    
    <item>
      <title>Demo</title>
      <link>www.haydenallen.com/categories/demo/</link>
      <pubDate>Wed, 20 Apr 2016 00:00:00 +0000</pubDate>
      <guid>www.haydenallen.com/categories/demo/</guid>
      <description></description>
    </item>
    
    <item>
      <title>R</title>
      <link>www.haydenallen.com/categories/r/</link>
      <pubDate>Thu, 23 Jul 2015 21:13:14 -0500</pubDate>
      <guid>www.haydenallen.com/categories/r/</guid>
      <description></description>
    </item>
    
  </channel>
</rss>
