<?xml version="1.0" encoding="utf-8" standalone="yes" ?>
<rss version="2.0" xmlns:atom="http://www.w3.org/2005/Atom">
  <channel>
    <title>Courses | Hayden Allen</title>
    <link>www.haydenallen.com/courses/</link>
      <atom:link href="www.haydenallen.com/courses/index.xml" rel="self" type="application/rss+xml" />
    <description>Courses</description>
    <generator>Source Themes Academic (https://sourcethemes.com/academic/)</generator><language>en-us</language>
    <image>
      <url>www.haydenallen.com/img/icon-192.png</url>
      <title>Courses</title>
      <link>www.haydenallen.com/courses/</link>
    </image>
    
  </channel>
</rss>
