<?xml version="1.0" encoding="utf-8" standalone="yes" ?>
<rss version="2.0" xmlns:atom="http://www.w3.org/2005/Atom">
  <channel>
    <title>Hayden Allen</title>
    <link>www.haydenallen.com/authors/admin/</link>
      <atom:link href="www.haydenallen.com/authors/admin/index.xml" rel="self" type="application/rss+xml" />
    <description>Hayden Allen</description>
    <generator>Source Themes Academic (https://sourcethemes.com/academic/)</generator><language>en-us</language><lastBuildDate>Sun, 07 Apr 2019 00:00:00 +0000</lastBuildDate>
    <image>
      <url>www.haydenallen.com/img/icon-192.png</url>
      <title>Hayden Allen</title>
      <link>www.haydenallen.com/authors/admin/</link>
    </image>
    
    <item>
      <title>An example preprint / working paper</title>
      <link>www.haydenallen.com/publication/preprint/</link>
      <pubDate>Sun, 07 Apr 2019 00:00:00 +0000</pubDate>
      <guid>www.haydenallen.com/publication/preprint/</guid>
      <description>&lt;div class=&#34;alert alert-note&#34;&gt;
  &lt;div&gt;
    Click the &lt;em&gt;Slides&lt;/em&gt; button above to demo Academic&amp;rsquo;s Markdown slides feature.
  &lt;/div&gt;
&lt;/div&gt;

&lt;p&gt;Supplementary notes can be added here, including &lt;a href=&#34;https://sourcethemes.com/academic/docs/writing-markdown-latex/&#34; target=&#34;_blank&#34;&gt;code and math&lt;/a&gt;.&lt;/p&gt;
</description>
    </item>
    
    <item>
      <title>Display Jupyter Notebooks with Academic</title>
      <link>www.haydenallen.com/post/jupyter/</link>
      <pubDate>Tue, 05 Feb 2019 00:00:00 +0000</pubDate>
      <guid>www.haydenallen.com/post/jupyter/</guid>
      <description>

&lt;pre&gt;&lt;code class=&#34;language-python&#34;&gt;from IPython.core.display import Image
Image(&#39;https://www.python.org/static/community_logos/python-logo-master-v3-TM-flattened.png&#39;)
&lt;/code&gt;&lt;/pre&gt;

&lt;p&gt;&lt;img src=&#34;./academic_0_0.png&#34; alt=&#34;png&#34; /&gt;&lt;/p&gt;

&lt;pre&gt;&lt;code class=&#34;language-python&#34;&gt;print(&amp;quot;Welcome to Academic!&amp;quot;)
&lt;/code&gt;&lt;/pre&gt;

&lt;pre&gt;&lt;code&gt;Welcome to Academic!
&lt;/code&gt;&lt;/pre&gt;

&lt;h2 id=&#34;install-python-and-jupyter&#34;&gt;Install Python and Jupyter&lt;/h2&gt;

&lt;p&gt;&lt;a href=&#34;https://www.anaconda.com/distribution/#download-section&#34; target=&#34;_blank&#34;&gt;Install Anaconda&lt;/a&gt; which includes Python 3 and Jupyter notebook.&lt;/p&gt;

&lt;p&gt;Otherwise, for advanced users, install Jupyter notebook with &lt;code&gt;pip3 install jupyter&lt;/code&gt;.&lt;/p&gt;

&lt;h2 id=&#34;create-a-new-blog-post-as-usual-https-sourcethemes-com-academic-docs-managing-content-create-a-blog-post&#34;&gt;Create a new blog post &lt;a href=&#34;https://sourcethemes.com/academic/docs/managing-content/#create-a-blog-post&#34; target=&#34;_blank&#34;&gt;as usual&lt;/a&gt;&lt;/h2&gt;

&lt;p&gt;Run the following commands in your Terminal, substituting &lt;code&gt;&amp;lt;MY_WEBSITE_FOLDER&amp;gt;&lt;/code&gt; and &lt;code&gt;my-post&lt;/code&gt; with the file path to your Academic website folder and a name for your blog post (without spaces), respectively:&lt;/p&gt;

&lt;pre&gt;&lt;code class=&#34;language-bash&#34;&gt;cd &amp;lt;MY_WEBSITE_FOLDER&amp;gt;
hugo new  --kind post post/my-post
cd &amp;lt;MY_WEBSITE_FOLDER&amp;gt;/content/post/my-post/
&lt;/code&gt;&lt;/pre&gt;

&lt;h2 id=&#34;create-or-upload-a-jupyter-notebook&#34;&gt;Create or upload a Jupyter notebook&lt;/h2&gt;

&lt;p&gt;Run the following command to start Jupyter within your new blog post folder. Then create a new Jupyter notebook (&lt;em&gt;New &amp;gt; Python Notebook&lt;/em&gt;) or upload a notebook.&lt;/p&gt;

&lt;pre&gt;&lt;code class=&#34;language-bash&#34;&gt;jupyter notebook
&lt;/code&gt;&lt;/pre&gt;

&lt;h2 id=&#34;convert-notebook-to-markdown&#34;&gt;Convert notebook to Markdown&lt;/h2&gt;

&lt;pre&gt;&lt;code class=&#34;language-bash&#34;&gt;jupyter nbconvert Untitled.ipynb --to markdown --NbConvertApp.output_files_dir=.

# Copy the contents of Untitled.md and append it to index.md:
cat Untitled.md | tee -a index.md

# Remove the temporary file:
rm Untitled.md
&lt;/code&gt;&lt;/pre&gt;

&lt;h2 id=&#34;edit-your-post-metadata&#34;&gt;Edit your post metadata&lt;/h2&gt;

&lt;p&gt;Open &lt;code&gt;index.md&lt;/code&gt; in your text editor and edit the title etc. in the &lt;a href=&#34;https://sourcethemes.com/academic/docs/front-matter/&#34; target=&#34;_blank&#34;&gt;front matter&lt;/a&gt; according to your preference.&lt;/p&gt;

&lt;p&gt;To set a &lt;a href=&#34;https://sourcethemes.com/academic/docs/managing-content/#featured-image&#34; target=&#34;_blank&#34;&gt;featured image&lt;/a&gt;, place an image named &lt;code&gt;featured&lt;/code&gt; into your post&amp;rsquo;s folder.&lt;/p&gt;

&lt;p&gt;For other tips, such as using math, see the guide on &lt;a href=&#34;https://sourcethemes.com/academic/docs/writing-markdown-latex/&#34; target=&#34;_blank&#34;&gt;writing content with Academic&lt;/a&gt;.&lt;/p&gt;
</description>
    </item>
    
    <item>
      <title>Academic: the website builder for Hugo</title>
      <link>www.haydenallen.com/post/getting-started/</link>
      <pubDate>Wed, 20 Apr 2016 00:00:00 +0000</pubDate>
      <guid>www.haydenallen.com/post/getting-started/</guid>
      <description>

&lt;p&gt;&lt;strong&gt;Create a free website with Academic using Markdown, Jupyter, or RStudio. Choose a beautiful color theme and build anything with the Page Builder - over 40 &lt;em&gt;widgets&lt;/em&gt;, &lt;em&gt;themes&lt;/em&gt;, and &lt;em&gt;language packs&lt;/em&gt; included!&lt;/strong&gt;&lt;/p&gt;

&lt;p&gt;&lt;a href=&#34;https://academic-demo.netlify.com/&#34; target=&#34;_blank&#34;&gt;Check out the latest &lt;strong&gt;demo&lt;/strong&gt;&lt;/a&gt; of what you&amp;rsquo;ll get in less than 10 minutes, or &lt;a href=&#34;https://sourcethemes.com/academic/#expo&#34; target=&#34;_blank&#34;&gt;view the &lt;strong&gt;showcase&lt;/strong&gt;&lt;/a&gt; of personal, project, and business sites.&lt;/p&gt;

&lt;ul&gt;
&lt;li&gt;&lt;a href=&#34;#install&#34;&gt;&lt;strong&gt;Setup Academic&lt;/strong&gt;&lt;/a&gt;&lt;/li&gt;
&lt;li&gt;&lt;a href=&#34;https://sourcethemes.com/academic/docs/get-started/&#34; target=&#34;_blank&#34;&gt;&lt;strong&gt;Get Started&lt;/strong&gt;&lt;/a&gt;&lt;/li&gt;
&lt;li&gt;&lt;a href=&#34;https://sourcethemes.com/academic/docs/&#34; target=&#34;_blank&#34;&gt;View the documentation&lt;/a&gt;&lt;/li&gt;
&lt;li&gt;&lt;a href=&#34;http://discuss.gohugo.io/&#34; target=&#34;_blank&#34;&gt;Ask a question&lt;/a&gt;&lt;/li&gt;
&lt;li&gt;&lt;a href=&#34;https://github.com/gcushen/hugo-academic/issues&#34; target=&#34;_blank&#34;&gt;Request a feature or report a bug&lt;/a&gt;&lt;/li&gt;
&lt;li&gt;Updating? View the &lt;a href=&#34;https://sourcethemes.com/academic/docs/update/&#34; target=&#34;_blank&#34;&gt;Update Guide&lt;/a&gt; and &lt;a href=&#34;https://sourcethemes.com/academic/updates/&#34; target=&#34;_blank&#34;&gt;Release Notes&lt;/a&gt;&lt;/li&gt;
&lt;li&gt;Support development of Academic:

&lt;ul&gt;
&lt;li&gt;&lt;a href=&#34;https://paypal.me/cushen&#34; target=&#34;_blank&#34;&gt;Donate a coffee&lt;/a&gt;&lt;/li&gt;
&lt;li&gt;&lt;a href=&#34;https://www.patreon.com/cushen&#34; target=&#34;_blank&#34;&gt;Become a backer on Patreon&lt;/a&gt;&lt;/li&gt;
&lt;li&gt;&lt;a href=&#34;https://www.redbubble.com/people/neutreno/works/34387919-academic&#34; target=&#34;_blank&#34;&gt;Decorate your laptop or journal with an Academic sticker&lt;/a&gt;&lt;/li&gt;
&lt;li&gt;&lt;a href=&#34;https://academic.threadless.com/&#34; target=&#34;_blank&#34;&gt;Wear the T-shirt&lt;/a&gt;&lt;/li&gt;
&lt;/ul&gt;&lt;/li&gt;
&lt;/ul&gt;







&lt;figure&gt;

  &lt;a data-fancybox=&#34;&#34; href=&#34;https://raw.githubusercontent.com/gcushen/hugo-academic/master/academic.png&#34; &gt;

&lt;img src=&#34;https://raw.githubusercontent.com/gcushen/hugo-academic/master/academic.png&#34; &gt;
&lt;/a&gt;

&lt;/figure&gt;


&lt;p&gt;&lt;strong&gt;Key features:&lt;/strong&gt;&lt;/p&gt;

&lt;ul&gt;
&lt;li&gt;&lt;strong&gt;Page builder&lt;/strong&gt; - Create &lt;em&gt;anything&lt;/em&gt; with &lt;a href=&#34;https://sourcethemes.com/academic/docs/page-builder/&#34; target=&#34;_blank&#34;&gt;&lt;strong&gt;widgets&lt;/strong&gt;&lt;/a&gt; and &lt;a href=&#34;https://sourcethemes.com/academic/docs/writing-markdown-latex/&#34; target=&#34;_blank&#34;&gt;&lt;strong&gt;elements&lt;/strong&gt;&lt;/a&gt;&lt;/li&gt;
&lt;li&gt;&lt;strong&gt;Edit any type of content&lt;/strong&gt; - Blog posts, publications, talks, slides, projects, and more!&lt;/li&gt;
&lt;li&gt;&lt;strong&gt;Create content&lt;/strong&gt; in &lt;a href=&#34;https://sourcethemes.com/academic/docs/writing-markdown-latex/&#34; target=&#34;_blank&#34;&gt;&lt;strong&gt;Markdown&lt;/strong&gt;&lt;/a&gt;, &lt;a href=&#34;https://sourcethemes.com/academic/docs/jupyter/&#34; target=&#34;_blank&#34;&gt;&lt;strong&gt;Jupyter&lt;/strong&gt;&lt;/a&gt;, or &lt;a href=&#34;https://sourcethemes.com/academic/docs/install/#install-with-rstudio&#34; target=&#34;_blank&#34;&gt;&lt;strong&gt;RStudio&lt;/strong&gt;&lt;/a&gt;&lt;/li&gt;
&lt;li&gt;&lt;strong&gt;Plugin System&lt;/strong&gt; - Fully customizable &lt;a href=&#34;https://sourcethemes.com/academic/themes/&#34; target=&#34;_blank&#34;&gt;&lt;strong&gt;color&lt;/strong&gt; and &lt;strong&gt;font themes&lt;/strong&gt;&lt;/a&gt;&lt;/li&gt;
&lt;li&gt;&lt;strong&gt;Display Code and Math&lt;/strong&gt; - Code highlighting and &lt;a href=&#34;https://en.wikibooks.org/wiki/LaTeX/Mathematics&#34; target=&#34;_blank&#34;&gt;LaTeX math&lt;/a&gt; supported&lt;/li&gt;
&lt;li&gt;&lt;strong&gt;Integrations&lt;/strong&gt; - &lt;a href=&#34;https://analytics.google.com&#34; target=&#34;_blank&#34;&gt;Google Analytics&lt;/a&gt;, &lt;a href=&#34;https://disqus.com&#34; target=&#34;_blank&#34;&gt;Disqus commenting&lt;/a&gt;, Maps, Contact Forms, and more!&lt;/li&gt;
&lt;li&gt;&lt;strong&gt;Beautiful Site&lt;/strong&gt; - Simple and refreshing one page design&lt;/li&gt;
&lt;li&gt;&lt;strong&gt;Industry-Leading SEO&lt;/strong&gt; - Help get your website found on search engines and social media&lt;/li&gt;
&lt;li&gt;&lt;strong&gt;Media Galleries&lt;/strong&gt; - Display your images and videos with captions in a customizable gallery&lt;/li&gt;
&lt;li&gt;&lt;strong&gt;Mobile Friendly&lt;/strong&gt; - Look amazing on every screen with a mobile friendly version of your site&lt;/li&gt;
&lt;li&gt;&lt;strong&gt;Multi-language&lt;/strong&gt; - 15+ language packs including English, 中文, and Português&lt;/li&gt;
&lt;li&gt;&lt;strong&gt;Multi-user&lt;/strong&gt; - Each author gets their own profile page&lt;/li&gt;
&lt;li&gt;&lt;strong&gt;Privacy Pack&lt;/strong&gt; - Assists with GDPR&lt;/li&gt;
&lt;li&gt;&lt;strong&gt;Stand Out&lt;/strong&gt; - Bring your site to life with animation, parallax backgrounds, and scroll effects&lt;/li&gt;
&lt;li&gt;&lt;strong&gt;One-Click Deployment&lt;/strong&gt; - No servers. No databases. Only files.&lt;/li&gt;
&lt;/ul&gt;

&lt;h2 id=&#34;color-themes&#34;&gt;Color Themes&lt;/h2&gt;

&lt;p&gt;Academic comes with &lt;strong&gt;day (light) and night (dark) mode&lt;/strong&gt; built-in. Click the sun/moon icon in the top right of the &lt;a href=&#34;https://academic-demo.netlify.com/&#34; target=&#34;_blank&#34;&gt;Demo&lt;/a&gt; to see it in action!&lt;/p&gt;

&lt;p&gt;Choose a stunning color and font theme for your site. Themes are fully customizable and include:&lt;/p&gt;









  
  


&lt;div class=&#34;gallery&#34;&gt;

  
  
  
  
    
    
    
    
    
      
        
      
    
  &lt;a data-fancybox=&#34;gallery-gallery&#34; href=&#34;www.haydenallen.com/www.haydenallen.com/post/getting-started/gallery/theme-1950s.png&#34; data-caption=&#34;1950s&#34;&gt;
  &lt;img src=&#34;www.haydenallen.com/www.haydenallen.com/post/getting-started/gallery/theme-1950s_huaf5482f8cea0c5a703a328640e3b7509_21614_0x190_resize_lanczos_2.png&#34; alt=&#34;&#34;&gt;
  &lt;/a&gt;
  
    
    
    
    
    
      
        
      
    
  &lt;a data-fancybox=&#34;gallery-gallery&#34; href=&#34;www.haydenallen.com/www.haydenallen.com/post/getting-started/gallery/theme-apogee.png&#34; data-caption=&#34;Apogee&#34;&gt;
  &lt;img src=&#34;www.haydenallen.com/www.haydenallen.com/post/getting-started/gallery/theme-apogee_hu4b45d99db97150df01464c393bfd17d4_24119_0x190_resize_lanczos_2.png&#34; alt=&#34;&#34;&gt;
  &lt;/a&gt;
  
    
    
    
    
    
      
        
      
    
  &lt;a data-fancybox=&#34;gallery-gallery&#34; href=&#34;www.haydenallen.com/www.haydenallen.com/post/getting-started/gallery/theme-coffee-playfair.png&#34; data-caption=&#34;Coffee theme with Playfair font&#34;&gt;
  &lt;img src=&#34;www.haydenallen.com/www.haydenallen.com/post/getting-started/gallery/theme-coffee-playfair_hu446a8f670cc5622adcc77b97ba95f6c5_22462_0x190_resize_lanczos_2.png&#34; alt=&#34;&#34;&gt;
  &lt;/a&gt;
  
    
    
    
    
    
      
        
      
    
  &lt;a data-fancybox=&#34;gallery-gallery&#34; href=&#34;www.haydenallen.com/www.haydenallen.com/post/getting-started/gallery/theme-dark.png&#34; data-caption=&#34;Dark&#34;&gt;
  &lt;img src=&#34;www.haydenallen.com/www.haydenallen.com/post/getting-started/gallery/theme-dark_hu1e8601ecc47f58eada7743fdcd709d3d_21456_0x190_resize_lanczos_2.png&#34; alt=&#34;&#34;&gt;
  &lt;/a&gt;
  
    
    
    
    
    
      
        
      
    
  &lt;a data-fancybox=&#34;gallery-gallery&#34; href=&#34;www.haydenallen.com/www.haydenallen.com/post/getting-started/gallery/theme-default.png&#34; data-caption=&#34;Default&#34;&gt;
  &lt;img src=&#34;www.haydenallen.com/www.haydenallen.com/post/getting-started/gallery/theme-default_huba6228b7bdf30e2f03f12ea91b2cba0d_21751_0x190_resize_lanczos_2.png&#34; alt=&#34;&#34;&gt;
  &lt;/a&gt;
  
    
    
    
    
    
      
        
      
    
  &lt;a data-fancybox=&#34;gallery-gallery&#34; href=&#34;www.haydenallen.com/www.haydenallen.com/post/getting-started/gallery/theme-forest.png&#34; data-caption=&#34;Forest&#34;&gt;
  &lt;img src=&#34;www.haydenallen.com/www.haydenallen.com/post/getting-started/gallery/theme-forest_hu4f093a1c683134431456584193ea41ee_21797_0x190_resize_lanczos_2.png&#34; alt=&#34;&#34;&gt;
  &lt;/a&gt;
  
    
    
    
    
    
      
        
      
    
  &lt;a data-fancybox=&#34;gallery-gallery&#34; href=&#34;www.haydenallen.com/www.haydenallen.com/post/getting-started/gallery/theme-ocean.png&#34; data-caption=&#34;Ocean&#34;&gt;
  &lt;img src=&#34;www.haydenallen.com/www.haydenallen.com/post/getting-started/gallery/theme-ocean_hu14831ccafc2219f30a7a096fa7617e01_21760_0x190_resize_lanczos_2.png&#34; alt=&#34;&#34;&gt;
  &lt;/a&gt;
  
    
    
    
    
    
      
        
      
    
  &lt;a data-fancybox=&#34;gallery-gallery&#34; href=&#34;www.haydenallen.com/www.haydenallen.com/post/getting-started/gallery/theme-strawberry.png&#34; data-caption=&#34;Strawberry&#34;&gt;
  &lt;img src=&#34;www.haydenallen.com/www.haydenallen.com/post/getting-started/gallery/theme-strawberry_hu36b0b347fcca08bd39e2df22dcedbdfb_39532_0x190_resize_lanczos_2.png&#34; alt=&#34;&#34;&gt;
  &lt;/a&gt;
  

  
&lt;/div&gt;

&lt;h2 id=&#34;ecosystem&#34;&gt;Ecosystem&lt;/h2&gt;

&lt;ul&gt;
&lt;li&gt;&lt;strong&gt;&lt;a href=&#34;https://github.com/sourcethemes/academic-admin&#34; target=&#34;_blank&#34;&gt;Academic Admin&lt;/a&gt;:&lt;/strong&gt; An admin tool to import publications from BibTeX or import assets for an offline site&lt;/li&gt;
&lt;li&gt;&lt;strong&gt;&lt;a href=&#34;https://github.com/sourcethemes/academic-scripts&#34; target=&#34;_blank&#34;&gt;Academic Scripts&lt;/a&gt;:&lt;/strong&gt; Scripts to help migrate content to new versions of Academic&lt;/li&gt;
&lt;/ul&gt;

&lt;h2 id=&#34;install&#34;&gt;Install&lt;/h2&gt;

&lt;p&gt;You can choose from one of the following four methods to install:&lt;/p&gt;

&lt;ul&gt;
&lt;li&gt;&lt;a href=&#34;https://sourcethemes.com/academic/docs/install/#install-with-web-browser&#34; target=&#34;_blank&#34;&gt;&lt;strong&gt;one-click install using your web browser (recommended)&lt;/strong&gt;&lt;/a&gt;&lt;/li&gt;
&lt;li&gt;&lt;a href=&#34;https://sourcethemes.com/academic/docs/install/#install-with-git&#34; target=&#34;_blank&#34;&gt;install on your computer using &lt;strong&gt;Git&lt;/strong&gt; with the Command Prompt/Terminal app&lt;/a&gt;&lt;/li&gt;
&lt;li&gt;&lt;a href=&#34;https://sourcethemes.com/academic/docs/install/#install-with-zip&#34; target=&#34;_blank&#34;&gt;install on your computer by downloading the &lt;strong&gt;ZIP files&lt;/strong&gt;&lt;/a&gt;&lt;/li&gt;
&lt;li&gt;&lt;a href=&#34;https://sourcethemes.com/academic/docs/install/#install-with-rstudio&#34; target=&#34;_blank&#34;&gt;install on your computer with &lt;strong&gt;RStudio&lt;/strong&gt;&lt;/a&gt;&lt;/li&gt;
&lt;/ul&gt;

&lt;p&gt;Then &lt;a href=&#34;https://sourcethemes.com/academic/docs/get-started/&#34; target=&#34;_blank&#34;&gt;personalize and deploy your new site&lt;/a&gt;.&lt;/p&gt;

&lt;h2 id=&#34;updating&#34;&gt;Updating&lt;/h2&gt;

&lt;p&gt;&lt;a href=&#34;https://sourcethemes.com/academic/docs/update/&#34; target=&#34;_blank&#34;&gt;View the Update Guide&lt;/a&gt;.&lt;/p&gt;

&lt;p&gt;Feel free to &lt;em&gt;star&lt;/em&gt; the project on &lt;a href=&#34;https://github.com/gcushen/hugo-academic/&#34; target=&#34;_blank&#34;&gt;Github&lt;/a&gt; to help keep track of &lt;a href=&#34;https://sourcethemes.com/academic/updates&#34; target=&#34;_blank&#34;&gt;updates&lt;/a&gt;.&lt;/p&gt;

&lt;h2 id=&#34;license&#34;&gt;License&lt;/h2&gt;

&lt;p&gt;Copyright 2016-present &lt;a href=&#34;https://georgecushen.com&#34; target=&#34;_blank&#34;&gt;George Cushen&lt;/a&gt;.&lt;/p&gt;

&lt;p&gt;Released under the &lt;a href=&#34;https://github.com/gcushen/hugo-academic/blob/master/LICENSE.md&#34; target=&#34;_blank&#34;&gt;MIT&lt;/a&gt; license.&lt;/p&gt;
</description>
    </item>
    
    <item>
      <title>An example journal article</title>
      <link>www.haydenallen.com/publication/journal-article/sports-medince-review/</link>
      <pubDate>Tue, 01 Sep 2015 00:00:00 +0000</pubDate>
      <guid>www.haydenallen.com/publication/journal-article/sports-medince-review/</guid>
      <description>&lt;div class=&#34;alert alert-note&#34;&gt;
  &lt;div&gt;
    Click the &lt;em&gt;Cite&lt;/em&gt; button above to demo the feature to enable visitors to import publication metadata into their reference management software.
  &lt;/div&gt;
&lt;/div&gt;

&lt;div class=&#34;alert alert-note&#34;&gt;
  &lt;div&gt;
    Click the &lt;em&gt;Slides&lt;/em&gt; button above to demo Academic&amp;rsquo;s Markdown slides feature.
  &lt;/div&gt;
&lt;/div&gt;

&lt;p&gt;Supplementary notes can be added here, including &lt;a href=&#34;https://sourcethemes.com/academic/docs/writing-markdown-latex/&#34; target=&#34;_blank&#34;&gt;code and math&lt;/a&gt;.&lt;/p&gt;
</description>
    </item>
    
    <item>
      <title>An example conference paper</title>
      <link>www.haydenallen.com/publication/conference-paper/</link>
      <pubDate>Mon, 01 Jul 2013 00:00:00 +0000</pubDate>
      <guid>www.haydenallen.com/publication/conference-paper/</guid>
      <description>&lt;div class=&#34;alert alert-note&#34;&gt;
  &lt;div&gt;
    Click the &lt;em&gt;Cite&lt;/em&gt; button above to demo the feature to enable visitors to import publication metadata into their reference management software.
  &lt;/div&gt;
&lt;/div&gt;

&lt;div class=&#34;alert alert-note&#34;&gt;
  &lt;div&gt;
    Click the &lt;em&gt;Slides&lt;/em&gt; button above to demo Academic&amp;rsquo;s Markdown slides feature.
  &lt;/div&gt;
&lt;/div&gt;

&lt;p&gt;Supplementary notes can be added here, including &lt;a href=&#34;https://sourcethemes.com/academic/docs/writing-markdown-latex/&#34; target=&#34;_blank&#34;&gt;code and math&lt;/a&gt;.&lt;/p&gt;
</description>
    </item>
    
  </channel>
</rss>
